http://dbpedia.org/ontology/BodyOfWater	__total__	водное пространство	__total__	28056	28056
http://dbpedia.org/ontology/Building	__total__	Здание	__total__	167	167
http://dbpedia.org/ontology/College	__total__	колледж	__total__	148	148
http://dbpedia.org/ontology/Agent	<http://dbpedia.org/ontology/award>	агент	награда	4	37390
http://dbpedia.org/ontology/Agent	<http://dbpedia.org/ontology/birthPlace>	агент	место рождения	9446	37390
http://dbpedia.org/ontology/Agent	<http://dbpedia.org/ontology/campus>	агент	кампус	40	37390
http://dbpedia.org/ontology/Agent	<http://dbpedia.org/ontology/child>	агент	ребенок	722	37390
http://dbpedia.org/ontology/Agent	<http://dbpedia.org/ontology/citizenship>	агент	гражданство	2168	37390
http://dbpedia.org/ontology/Book	<http://dbpedia.org/ontology/city>	книга	город	4667	85769
http://dbpedia.org/ontology/BodyOfWater	<http://dbpedia.org/ontology/country>	водное пространство	страна	795	28056
http://dbpedia.org/ontology/EducationalInstitution	<http://dbpedia.org/ontology/dean>	учебное заведение	декан	18	2770
http://dbpedia.org/ontology/Film	<http://dbpedia.org/ontology/director>	фильм	директор	16811	19217
http://dbpedia.org/ontology/Film	<http://dbpedia.org/ontology/distributor>	фильм	дистрибьютор	11339	19217
http://dbpedia.org/ontology/Agent	<http://dbpedia.org/ontology/endowment>	агент	фонд ($)	4	37390
http://dbpedia.org/ontology/Agent	<http://dbpedia.org/ontology/foundedBy>	агент	основанная	91	37390
http://dbpedia.org/ontology/Agent	<http://dbpedia.org/ontology/foundingYear>	агент	год основания	139	37390
http://dbpedia.org/ontology/Agent	<http://dbpedia.org/ontology/headquarter>	агент	штаб-квартира	5	37390
http://dbpedia.org/ontology/Film	<http://dbpedia.org/ontology/imdbId>	фильм	IMDB ID	17863	19217
http://dbpedia.org/ontology/Book	<http://dbpedia.org/ontology/isbn>	книга	ISBN	38931	85769
http://dbpedia.org/ontology/Agent	<http://dbpedia.org/ontology/location>	агент	местоположение	2426	37390
http://dbpedia.org/ontology/Building	<http://dbpedia.org/ontology/location>	Здание	местоположение	154	167
http://dbpedia.org/ontology/EducationalInstitution	<http://dbpedia.org/ontology/motto>	учебное заведение	девиз	40	2770
http://dbpedia.org/ontology/Film	<http://dbpedia.org/ontology/musicComposer>	фильм	композитор	9994	19217
http://dbpedia.org/ontology/EducationalInstitution	<http://dbpedia.org/ontology/numberOfGraduateStudents>	учебное заведение	Число аспирантов	62	2770
http://dbpedia.org/ontology/Agent	<http://dbpedia.org/ontology/occupation>	агент	оккупация	652	37390
http://dbpedia.org/ontology/Agent	<http://dbpedia.org/ontology/picture>	агент	картинка	2	37390
http://dbpedia.org/ontology/College	<http://dbpedia.org/ontology/picture>	колледж	картинка	1	148
http://dbpedia.org/ontology/Agent	<http://dbpedia.org/ontology/predecessor>	агент	предшественник	27	37390
http://dbpedia.org/ontology/Agent	<http://dbpedia.org/ontology/president>	агент	президент	6	37390
http://dbpedia.org/ontology/Film	<http://dbpedia.org/ontology/producer>	фильм	производитель	8004	19217
http://dbpedia.org/ontology/Non-ProfitOrganisation	<http://dbpedia.org/ontology/product>	некоммерческая организация	продукт	86	412
http://dbpedia.org/ontology/Book	<http://dbpedia.org/ontology/publicationDate>	книга	дату публикации	12	85769
http://dbpedia.org/ontology/Agent	<http://dbpedia.org/ontology/religion>	агент	религия	2867	37390
http://dbpedia.org/ontology/Film	<http://dbpedia.org/ontology/runtime>	фильм	среда (ы)	61	19217
http://dbpedia.org/ontology/Book	<http://dbpedia.org/ontology/series>	книга	серия	1235	85769
http://dbpedia.org/ontology/Agent	<http://dbpedia.org/ontology/staff>	агент	персонал	248	37390
http://dbpedia.org/ontology/Agent	<http://dbpedia.org/ontology/successor>	агент	преемник	20	37390
http://dbpedia.org/ontology/Film	<http://dbpedia.org/ontology/title>	фильм	название	19189	19217
http://dbpedia.org/ontology/College	<http://dbpedia.org/ontology/type>	колледж	тип	22	148
http://dbpedia.org/ontology/Film	<http://dbpedia.org/ontology/writer>	фильм	писатель	12574	19217
http://dbpedia.org/ontology/Agent	<http://purl.org/dc/elements/1.1/description>	агент	описание	966	37390
http://dbpedia.org/ontology/College	<http://purl.org/dc/elements/1.1/description>	колледж	описание	5	148
http://dbpedia.org/ontology/Agent	<http://xmlns.com/foaf/0.1/homepage>	агент	домашняя страница	3133	37390
http://dbpedia.org/ontology/EducationalInstitution	<http://xmlns.com/foaf/0.1/homepage>	учебное заведение	домашняя страница	1937	2770
http://dbpedia.org/ontology/Non-ProfitOrganisation	<http://xmlns.com/foaf/0.1/homepage>	некоммерческая организация	домашняя страница	277	412
http://dbpedia.org/ontology/Book	<http://xmlns.com/foaf/0.1/name>	книга	имя	84939	85769
http://dbpedia.org/ontology/College	<http://xmlns.com/foaf/0.1/name>	колледж	имя	148	148
http://dbpedia.org/ontology/EducationalInstitution	<http://xmlns.com/foaf/0.1/name>	учебное заведение	имя	2023	2770
http://dbpedia.org/ontology/Non-ProfitOrganisation	<http://xmlns.com/foaf/0.1/name>	некоммерческая организация	имя	336	412
http://dbpedia.org/ontology/Aircraft	__total__	самолет	__total__	0	0
http://dbpedia.org/ontology/AnatomicalStructure	__total__	анатомического строения	__total__	0	0
http://dbpedia.org/ontology/Artery	__total__	артерия	__total__	0	0
http://dbpedia.org/ontology/BiologicalDatabase	__total__	Биологические базы данных	__total__	0	0
http://dbpedia.org/ontology/Bone	__total__	кость	__total__	0	0
http://dbpedia.org/ontology/Brain	__total__	мозг	__total__	0	0
http://dbpedia.org/ontology/Convention	__total__	конвенция	__total__	0	0
http://dbpedia.org/ontology/Database	__total__	База данных	__total__	0	0
http://dbpedia.org/ontology/Device	__total__	устройство	__total__	0	0
http://dbpedia.org/ontology/Election	__total__	Выборы	__total__	0	0
http://dbpedia.org/ontology/EthnicGroup	__total__	этническая группа	__total__	0	0
http://dbpedia.org/ontology/Event	__total__	событие	__total__	0	0
http://dbpedia.org/ontology/FilmFestival	__total__	Кинофестиваль	__total__	0	0
http://dbpedia.org/ontology/FootballMatch	__total__	футбольный матч	__total__	0	0
http://dbpedia.org/ontology/GivenName	__total__	имя	__total__	0	0
http://dbpedia.org/ontology/GovernmentType	__total__	Правительство типа	__total__	0	0
http://dbpedia.org/ontology/GrandPrix	__total__	Гран-при	__total__	0	0
http://dbpedia.org/ontology/Holiday	__total__	праздник	__total__	0	0
http://dbpedia.org/ontology/HumanGeneLocation	__total__	HumanGeneLocation	__total__	0	0
http://dbpedia.org/ontology/Locomotive	__total__	локомотив	__total__	0	0
http://dbpedia.org/ontology/Lymph	__total__	лимфа	__total__	0	0
http://dbpedia.org/ontology/MeanOfTransportation	__total__	средство передвижения	__total__	0	0
http://dbpedia.org/ontology/MixedMartialArtsEvent	__total__	событие по смешанным боевым искусствам	__total__	0	0
http://dbpedia.org/ontology/MouseGeneLocation	__total__	MouseGeneLocation	__total__	0	0
http://dbpedia.org/ontology/Muscle	__total__	мышца	__total__	0	0
http://dbpedia.org/ontology/Name	__total__	имя	__total__	0	0
http://dbpedia.org/ontology/Nerve	__total__	нерв	__total__	0	0
http://dbpedia.org/ontology/Olympics	__total__	Олимпийские игры	__total__	0	0
http://dbpedia.org/ontology/PersonFunction	__total__	Функция человека	__total__	0	0
http://dbpedia.org/ontology/Rocket	__total__	ракета	__total__	0	0
http://dbpedia.org/ontology/Sales	__total__	реализация	__total__	0	0
http://dbpedia.org/ontology/Ship	__total__	грузить	__total__	0	0
http://dbpedia.org/ontology/SpaceShuttle	__total__	Шаттл	__total__	0	0
http://dbpedia.org/ontology/SpaceStation	__total__	космическая станция	__total__	0	0
http://dbpedia.org/ontology/Spacecraft	__total__	космический корабль	__total__	0	0
http://dbpedia.org/ontology/Surname	__total__	фамилия	__total__	0	0
http://dbpedia.org/ontology/Tax	__total__	налог	__total__	0	0
http://dbpedia.org/ontology/TennisTournament	__total__	Теннисный турнир	__total__	0	0
http://dbpedia.org/ontology/Vein	__total__	вена	__total__	0	0
http://dbpedia.org/ontology/Weapon	__total__	оружие	__total__	0	0
http://dbpedia.org/ontology/WrestlingEvent	__total__	борьба события	__total__	0	0
http://dbpedia.org/ontology/Year	__total__	год	__total__	0	0
http://dbpedia.org/ontology/YearInSpaceflight	__total__	год в условиях космического полета	__total__	0	0
http://dbpedia.org/ontology/Organisation	<http://dbpedia.org/ontology/rector>	организация	ректор	203	4175
http://dbpedia.org/ontology/Organisation	<http://dbpedia.org/ontology/award>	организация	награда	4	4175
http://dbpedia.org/ontology/Organisation	<http://dbpedia.org/ontology/dean>	организация	декан	18	4175
http://dbpedia.org/ontology/Organisation	<http://dbpedia.org/ontology/endowment>	организация	фонд ($)	4	4175
http://dbpedia.org/ontology/Organisation	<http://dbpedia.org/ontology/foundingYear>	организация	год основания	139	4175
http://dbpedia.org/ontology/Organisation	<http://dbpedia.org/ontology/leader>	организация	лидер	4	4175
http://dbpedia.org/ontology/Organisation	<http://dbpedia.org/ontology/location>	организация	местоположение	2426	4175
http://dbpedia.org/ontology/Organisation	<http://dbpedia.org/ontology/numberOfGraduateStudents>	организация	Число аспирантов	72	4175
http://dbpedia.org/ontology/Person	<http://dbpedia.org/ontology/occupation>	человек	оккупация	652	33215
http://dbpedia.org/ontology/Organisation	<http://dbpedia.org/ontology/president>	организация	президент	6	4175
http://www.w3.org/2002/07/owl#Thing	<http://dbpedia.org/ontology/publisher>	Вещь	издатель	9355	331604
http://dbpedia.org/ontology/Person	<http://dbpedia.org/ontology/religion>	человек	религия	2867	33215
http://dbpedia.org/ontology/Organisation	<http://dbpedia.org/ontology/revenue>	организация	выручка ($)	6	4175
http://dbpedia.org/ontology/Organisation	<http://dbpedia.org/ontology/type>	организация	тип	184	4175
http://dbpedia.org/ontology/Organisation	<http://purl.org/dc/elements/1.1/description>	организация	описание	57	4175
http://dbpedia.org/ontology/Organisation	<http://www.w3.org/1999/02/22-rdf-syntax-ns#type>	организация	тип	66	4175
http://dbpedia.org/ontology/Activity	__total__	деятельность	__total__	0	0
http://dbpedia.org/ontology/Album	__total__	альбом	__total__	9527	9527
http://dbpedia.org/ontology/Artwork	__total__	произведение искусства	__total__	0	0
http://dbpedia.org/ontology/Colour	__total__	цвет	__total__	0	0
http://dbpedia.org/ontology/Film	__total__	фильм	__total__	19217	19217
http://dbpedia.org/ontology/Flag	__total__	флаг	__total__	0	0
http://dbpedia.org/ontology/Food	__total__	Питание	__total__	0	0
http://dbpedia.org/ontology/Game	__total__	игра	__total__	0	0
http://dbpedia.org/ontology/MusicGenre	__total__	музыкальный жанр	__total__	0	0
http://dbpedia.org/ontology/MusicalWork	__total__	музыкальное произведение	__total__	9527	9527
http://dbpedia.org/ontology/Painting	__total__	Картина	__total__	0	0
http://dbpedia.org/ontology/Sculpture	__total__	Скульптура	__total__	0	0
http://dbpedia.org/ontology/Single	__total__	один	__total__	0	0
http://dbpedia.org/ontology/SnookerWorldRanking	__total__	снукер мировом рейтинге	__total__	0	0
http://dbpedia.org/ontology/Software	__total__	программное обеспечение	__total__	0	0
http://dbpedia.org/ontology/Song	__total__	песня	__total__	0	0
http://dbpedia.org/ontology/Sport	__total__	Αθλήματα	__total__	0	0
http://dbpedia.org/ontology/TelevisionEpisode	__total__	телевидению эпизод	__total__	0	0
http://dbpedia.org/ontology/TelevisionSeason	__total__	телевизионного сезона	__total__	0	0
http://dbpedia.org/ontology/TelevisionShow	__total__	телевизионные шоу	__total__	0	0
http://dbpedia.org/ontology/VideoGame	__total__	видеоигра	__total__	0	0
http://dbpedia.org/ontology/PopulatedPlace	<http://dbpedia.org/ontology/formerName>	населенный пункт	прежнее наименование	1417	142478
http://dbpedia.org/ontology/PopulatedPlace	<http://dbpedia.org/ontology/title>	населенный пункт	название	6061	142478
http://dbpedia.org/ontology/PopulatedPlace	<http://dbpedia.org/ontology/postalCode>	населенный пункт	почтовый код	91787	142478
http://dbpedia.org/ontology/Work	<http://dbpedia.org/ontology/genre>	работать	жанр	17445	114513
http://dbpedia.org/ontology/Work	<http://dbpedia.org/ontology/publicationDate>	работать	дату публикации	12	114513
http://dbpedia.org/ontology/PopulatedPlace	<http://www.georss.org/georss/point>	населенный пункт	точка	123365	142478
http://dbpedia.org/ontology/Place	<http://www.w3.org/1999/02/22-rdf-syntax-ns#type>	место	тип	125552	173074
http://dbpedia.org/ontology/PopulatedPlace	<http://dbpedia.org/ontology/grossDomesticProduct>	населенный пункт	Валовой внутренний продукт (ВВП) ($)	1	142478
http://dbpedia.org/ontology/WrittenWork	<http://dbpedia.org/ontology/publisher>	письменные работы	издатель	9355	85769
http://dbpedia.org/ontology/PopulatedPlace	<http://dbpedia.org/ontology/areaCode>	населенный пункт	код зоны	85848	142478
http://dbpedia.org/ontology/PopulatedPlace	<http://dbpedia.org/ontology/areaTotal>	населенный пункт	Общая площадь (м2)	11494	142478
http://dbpedia.org/ontology/PopulatedPlace	<http://dbpedia.org/ontology/capital>	населенный пункт	капитал	14558	142478
http://dbpedia.org/ontology/Work	<http://dbpedia.org/ontology/country>	работать	страна	14616	114513
http://dbpedia.org/ontology/Work	<http://dbpedia.org/ontology/editor>	работать	редактор	2335	114513
http://dbpedia.org/ontology/WrittenWork	<http://dbpedia.org/ontology/editor>	письменные работы	редактор	2335	85769
http://dbpedia.org/ontology/Work	<http://dbpedia.org/ontology/language>	работать	язык	5963	114513
http://dbpedia.org/ontology/WrittenWork	<http://dbpedia.org/ontology/numberOfPages>	письменные работы	Количество страниц	43456	85769
http://dbpedia.org/ontology/PopulatedPlace	<http://dbpedia.org/ontology/populationTotal>	населенный пункт	общая численность населения	125980	142478
http://dbpedia.org/ontology/PopulatedPlace	<http://dbpedia.org/ontology/region>	населенный пункт	область	8732	142478
http://dbpedia.org/ontology/Work	<http://dbpedia.org/ontology/runtime>	работать	среда (ы)	61	114513
http://dbpedia.org/ontology/PopulatedPlace	<http://dbpedia.org/ontology/timeZone>	населенный пункт	часовой пояс	4	142478
http://dbpedia.org/ontology/PopulatedPlace	<http://www.w3.org/2003/01/geo/wgs84_pos#lat>	населенный пункт	широта	123365	142478
http://dbpedia.org/ontology/Film	<http://xmlns.com/foaf/0.1/name>	фильм	имя	14381	19217
http://dbpedia.org/ontology/AcademicJournal	__total__	научный журнал	__total__	0	0
http://dbpedia.org/ontology/Work	<http://dbpedia.org/ontology/cinematography>	работать	кинематография	9446	114513
http://dbpedia.org/ontology/Agent	<http://dbpedia.org/ontology/numberOfStudents>	агент	Количество студентов	611	37390
http://dbpedia.org/ontology/Agent	<http://dbpedia.org/ontology/motto>	агент	девиз	97	37390
http://dbpedia.org/ontology/PopulatedPlace	<http://dbpedia.org/ontology/populationAsOf>	населенный пункт	Население по состоянию на	5	142478
http://dbpedia.org/ontology/WrittenWork	<http://dbpedia.org/ontology/series>	письменные работы	серия	1235	85769
http://www.w3.org/2002/07/owl#Thing	<http://dbpedia.org/ontology/status>	Вещь	статус	116622	331604
http://dbpedia.org/ontology/Asteroid	__total__	астероид	__total__	0	0
http://dbpedia.org/ontology/Book	__total__	книга	__total__	85769	85769
http://dbpedia.org/ontology/CelestialBody	<http://dbpedia.org/ontology/constellation>	небесное тело	None	6610	6668
http://dbpedia.org/ontology/CelestialBody	__total__	небесное тело	__total__	6668	6668
http://dbpedia.org/ontology/Work	<http://dbpedia.org/ontology/writer>	работать	писатель	12574	114513
http://dbpedia.org/ontology/PopulatedPlace	<http://www.w3.org/1999/02/22-rdf-syntax-ns#type>	населенный пункт	тип	123365	142478
http://dbpedia.org/ontology/Language	__total__	язык	__total__	0	0
http://dbpedia.org/ontology/Magazine	__total__	журнал	__total__	0	0
http://dbpedia.org/ontology/Musical	__total__	музыкальный	__total__	0	0
http://dbpedia.org/ontology/Newspaper	__total__	газета	__total__	0	0
http://dbpedia.org/ontology/PeriodicalLiterature	__total__	периодической литературы	__total__	0	0
http://dbpedia.org/ontology/Planet	__total__	планета	__total__	0	0
http://dbpedia.org/ontology/Play	__total__	играть	__total__	0	0
http://dbpedia.org/ontology/Pope	__total__	папа	__total__	0	0
http://dbpedia.org/ontology/PopulatedPlace	<http://dbpedia.org/ontology/humanDevelopmentIndex>	населенный пункт	None	103	142478
http://dbpedia.org/ontology/ProgrammingLanguage	__total__	язык программирования	__total__	0	0
http://dbpedia.org/ontology/Project	__total__	проект	__total__	0	0
http://dbpedia.org/ontology/Race	__total__	гонки	__total__	0	0
http://dbpedia.org/ontology/ResearchProject	__total__	исследовательский проект	__total__	0	0
http://dbpedia.org/ontology/SpaceMission	__total__	космической миссии	__total__	0	0
http://dbpedia.org/ontology/Website	__total__	сайт	__total__	0	0
http://dbpedia.org/ontology/WrittenWork	__total__	письменные работы	__total__	85769	85769
http://dbpedia.org/ontology/Agent	<http://dbpedia.org/ontology/spouse>	агент	супруга	2033	37390
http://www.w3.org/2002/07/owl#Thing	<http://dbpedia.org/ontology/genre>	Вещь	жанр	17445	331604
http://dbpedia.org/ontology/ComicBook	__total__	комикс	__total__	0	0
http://dbpedia.org/ontology/Currency	__total__	валюта	__total__	0	0
http://dbpedia.org/ontology/Decoration	__total__	украшение	__total__	0	0
http://dbpedia.org/ontology/Drug	__total__	наркотик	__total__	0	0
http://dbpedia.org/ontology/Galaxy	<http://dbpedia.org/ontology/constellation>	галактика	None	6610	6668
http://dbpedia.org/ontology/Galaxy	__total__	галактика	__total__	6668	6668
http://dbpedia.org/ontology/CelestialBody	<http://purl.org/dc/elements/1.1/description>	небесное тело	описание	102	6668
http://www.w3.org/2002/07/owl#Thing	<http://www.w3.org/2003/01/geo/wgs84_pos#long>	Вещь	долгота	125552	331604
http://dbpedia.org/ontology/Agent	<http://dbpedia.org/ontology/leader>	агент	лидер	4	37390
http://www.w3.org/2002/07/owl#Thing	<http://dbpedia.org/ontology/editor>	Вещь	редактор	2335	331604
http://dbpedia.org/ontology/CelestialBody	<http://dbpedia.org/ontology/era>	небесное тело	эпоха	6664	6668
http://www.w3.org/2002/07/owl#Thing	<http://dbpedia.org/ontology/numberOfStudents>	Вещь	Количество студентов	611	331604
http://dbpedia.org/ontology/Agent	<http://dbpedia.org/ontology/restingPlace>	агент	место отдыха	1192	37390
http://www.w3.org/2002/07/owl#Thing	<http://dbpedia.org/ontology/spouse>	Вещь	супруга	2033	331604
http://www.w3.org/2002/07/owl#Thing	<http://dbpedia.org/ontology/timeZone>	Вещь	часовой пояс	4	331604
http://dbpedia.org/ontology/CelestialBody	<http://dbpedia.org/ontology/type>	небесное тело	тип	3655	6668
http://dbpedia.org/ontology/Galaxy	<http://dbpedia.org/ontology/type>	галактика	тип	3655	6668
http://dbpedia.org/ontology/PopulatedPlace	<http://xmlns.com/foaf/0.1/homepage>	населенный пункт	домашняя страница	36457	142478
http://dbpedia.org/ontology/PopulatedPlace	<http://xmlns.com/foaf/0.1/logo>	населенный пункт	логотип	13	142478
http://dbpedia.org/ontology/Work	<http://xmlns.com/foaf/0.1/logo>	работать	логотип	8	114513
http://dbpedia.org/ontology/CelestialBody	<http://xmlns.com/foaf/0.1/name>	небесное тело	имя	6668	6668
http://dbpedia.org/ontology/PopulatedPlace	<http://xmlns.com/foaf/0.1/name>	населенный пункт	имя	136021	142478
http://dbpedia.org/ontology/Agent	<http://dbpedia.org/ontology/numberOfGraduateStudents>	агент	Число аспирантов	72	37390
http://dbpedia.org/ontology/Politician	<http://xmlns.com/foaf/0.1/homepage>	политик	домашняя страница	173	17221
http://dbpedia.org/ontology/Agent	__total__	агент	__total__	37390	37390
http://dbpedia.org/ontology/Agent	<http://dbpedia.org/ontology/rector>	агент	ректор	203	37390
http://dbpedia.org/ontology/Politician	<http://dbpedia.org/ontology/spouse>	политик	супруга	1503	17221
http://dbpedia.org/ontology/Agent	<http://dbpedia.org/ontology/deathPlace>	агент	место смерти	6252	37390
http://dbpedia.org/ontology/Agent	<http://dbpedia.org/ontology/party>	агент	партия	4505	37390
http://www.w3.org/2002/07/owl#Thing	<http://dbpedia.org/ontology/picture>	Вещь	картинка	2	331604
http://dbpedia.org/ontology/Agent	<http://dbpedia.org/ontology/director>	агент	директор	265	37390
http://dbpedia.org/ontology/Agent	<http://dbpedia.org/ontology/university>	агент	университет	38	37390
http://dbpedia.org/ontology/Agent	<http://www.w3.org/1999/02/22-rdf-syntax-ns#type>	агент	тип	66	37390
http://dbpedia.org/ontology/Politician	<http://dbpedia.org/ontology/religion>	политик	религия	2867	17221
http://www.w3.org/2002/07/owl#Thing	<http://dbpedia.org/ontology/country>	Вещь	страна	98572	331604
http://dbpedia.org/ontology/Chancellor	__total__	канцлер	__total__	0	0
http://dbpedia.org/ontology/Cleric	__total__	духовное лицо	__total__	0	0
http://dbpedia.org/ontology/CollegeCoach	__total__	Тренер колледжа	__total__	0	0
http://dbpedia.org/ontology/Congressman	__total__	конгрессмен	__total__	0	0
http://dbpedia.org/ontology/Deputy	__total__	заместитель	__total__	0	0
http://dbpedia.org/ontology/Governor	__total__	губернатор	__total__	0	0
http://dbpedia.org/ontology/Mayor	__total__	мэр	__total__	0	0
http://dbpedia.org/ontology/Philosopher	__total__	философ	__total__	0	0
http://dbpedia.org/ontology/PlayboyPlaymate	__total__	Playboy Playmate	__total__	0	0
http://dbpedia.org/ontology/Agent	<http://dbpedia.org/ontology/revenue>	агент	выручка ($)	6	37390
http://www.w3.org/2002/07/owl#Thing	<http://dbpedia.org/ontology/language>	Вещь	язык	5963	331604
http://www.w3.org/2002/07/owl#Thing	<http://dbpedia.org/ontology/staff>	Вещь	персонал	248	331604
http://dbpedia.org/ontology/Agent	<http://dbpedia.org/ontology/dean>	агент	декан	18	37390
http://dbpedia.org/ontology/Agent	<http://xmlns.com/foaf/0.1/name>	агент	имя	35500	37390
http://dbpedia.org/ontology/Politician	<http://dbpedia.org/ontology/restingPlace>	политик	место отдыха	1192	17221
http://dbpedia.org/ontology/Agent	<http://dbpedia.org/ontology/product>	агент	продукт	86	37390
http://dbpedia.org/ontology/Politician	<http://dbpedia.org/ontology/party>	политик	партия	4505	17221
http://dbpedia.org/ontology/President	__total__	президент	__total__	0	0
http://dbpedia.org/ontology/Priest	__total__	священник	__total__	0	0
http://dbpedia.org/ontology/PrimeMinister	__total__	премьер-министр	__total__	0	0
http://dbpedia.org/ontology/Saint	__total__	святой	__total__	0	0
http://dbpedia.org/ontology/Senator	__total__	сенатор	__total__	0	0
http://dbpedia.org/ontology/SoccerManager	__total__	футбольный менеджер	__total__	0	0
http://dbpedia.org/ontology/SportsTeamMember	__total__	Спорт член команды	__total__	0	0
http://dbpedia.org/ontology/VicePresident	__total__	Вице-президент	__total__	0	0
http://dbpedia.org/ontology/VicePrimeMinister	__total__	Вице-премьер-министр	__total__	0	0
http://dbpedia.org/ontology/Agent	<http://dbpedia.org/ontology/almaMater>	агент	альма-матер	29	37390
http://dbpedia.org/ontology/Person	<http://dbpedia.org/ontology/almaMater>	человек	альма-матер	29	33215
http://dbpedia.org/ontology/Politician	<http://dbpedia.org/ontology/birthPlace>	политик	место рождения	9446	17221
http://www.w3.org/2002/07/owl#Thing	<http://dbpedia.org/ontology/birthPlace>	Вещь	место рождения	9446	331604
http://www.w3.org/2002/07/owl#Thing	<http://dbpedia.org/ontology/dean>	Вещь	декан	18	331604
http://dbpedia.org/ontology/Politician	<http://dbpedia.org/ontology/deathPlace>	политик	место смерти	6252	17221
http://dbpedia.org/ontology/Politician	<http://dbpedia.org/ontology/occupation>	политик	оккупация	652	17221
http://www.w3.org/2002/07/owl#Thing	<http://dbpedia.org/ontology/rector>	Вещь	ректор	203	331604
http://dbpedia.org/ontology/Agent	<http://dbpedia.org/ontology/type>	агент	тип	184	37390
http://dbpedia.org/ontology/MemberOfParliament	__total__	член парламента	__total__	0	0
http://dbpedia.org/ontology/MilitaryPerson	__total__	военный человек	__total__	0	0
http://dbpedia.org/ontology/Monarch	__total__	монарх	__total__	0	0
http://dbpedia.org/ontology/Politician	<http://xmlns.com/foaf/0.1/name>	политик	имя	16442	17221
http://dbpedia.org/ontology/Politician	__total__	политик	__total__	17221	17221
http://dbpedia.org/ontology/Actor	__total__	актер	__total__	0	0
http://dbpedia.org/ontology/AdultActor	__total__	взрослые (порнографического) актер	__total__	0	0
http://dbpedia.org/ontology/Ambassador	__total__	посол	__total__	0	0
http://dbpedia.org/ontology/AmericanFootballPlayer	__total__	американский футболист	__total__	0	0
http://dbpedia.org/ontology/Architect	__total__	архитектор	__total__	0	0
http://dbpedia.org/ontology/Artist	__total__	художник	__total__	0	0
http://dbpedia.org/ontology/Astronaut	__total__	астронавт	__total__	0	0
http://dbpedia.org/ontology/Athlete	__total__	спортсмен	__total__	0	0
http://dbpedia.org/ontology/BadmintonPlayer	__total__	бадминтон игроков	__total__	0	0
http://dbpedia.org/ontology/BaseballPlayer	__total__	бейсболиста	__total__	0	0
http://dbpedia.org/ontology/Boxer	__total__	боксер	__total__	0	0
http://dbpedia.org/ontology/BritishRoyalty	__total__	Британской королевской семьи	__total__	0	0
http://dbpedia.org/ontology/BullFighter	__total__	тореадор	__total__	0	0
http://dbpedia.org/ontology/CanadianFootballPlayer	__total__	канадский футболист	__total__	0	0
http://dbpedia.org/ontology/ChessPlayer	__total__	Шахматист	__total__	0	0
http://dbpedia.org/ontology/ChristianBishop	__total__	Христианским епископом	__total__	0	0
http://dbpedia.org/ontology/Comedian	__total__	комик	__total__	0	0
http://dbpedia.org/ontology/ComicsCharacter	__total__	Комиксы характер	__total__	0	0
http://dbpedia.org/ontology/Cricketer	__total__	игрок в крикет	__total__	0	0
http://dbpedia.org/ontology/Criminal	__total__	преступный	__total__	0	0
http://dbpedia.org/ontology/Cyclist	__total__	велосипедист	__total__	0	0
http://dbpedia.org/ontology/FigureSkater	__total__	фигурист	__total__	0	0
http://dbpedia.org/ontology/FormulaOneRacer	__total__	Автогонщик	__total__	0	0
http://dbpedia.org/ontology/GaelicGamesPlayer	__total__	Гэльский игры игрок	__total__	0	0
http://dbpedia.org/ontology/GolfPlayer	__total__	игрок в гольф	__total__	0	0
http://dbpedia.org/ontology/IceHockeyPlayer	__total__	Хоккеист	__total__	0	0
http://dbpedia.org/ontology/Journalist	__total__	журналист	__total__	0	0
http://dbpedia.org/ontology/Judge	__total__	судья	__total__	0	0
http://dbpedia.org/ontology/MartialArtist	__total__	боевые искусства	__total__	0	0
http://dbpedia.org/ontology/Model	__total__	модель	__total__	0	0
http://dbpedia.org/ontology/MusicalArtist	__total__	музыкальный художник	__total__	0	0
http://dbpedia.org/ontology/NascarDriver	__total__	NASCAR водитель	__total__	0	0
http://dbpedia.org/ontology/OfficeHolder	__total__	должностное лицо	__total__	0	0
http://dbpedia.org/ontology/Scientist	<http://dbpedia.org/ontology/almaMater>	ученый	альма-матер	29	74
http://dbpedia.org/ontology/PokerPlayer	__total__	игрок в покер	__total__	0	0
http://dbpedia.org/ontology/PolishKing	__total__	король Польши	__total__	0	0
http://dbpedia.org/ontology/Referee	__total__	судья	__total__	0	0
http://dbpedia.org/ontology/Royalty	__total__	роялти	__total__	0	0
http://dbpedia.org/ontology/RugbyPlayer	__total__	регбист	__total__	0	0
http://dbpedia.org/ontology/Scientist	<http://dbpedia.org/ontology/citizenship>	ученый	гражданство	25	74
http://dbpedia.org/ontology/Scientist	<http://xmlns.com/foaf/0.1/name>	ученый	имя	70	74
http://dbpedia.org/ontology/Scientist	__total__	ученый	__total__	74	74
http://dbpedia.org/ontology/Scientist	<http://xmlns.com/foaf/0.1/homepage>	ученый	домашняя страница	4	74
http://www.w3.org/2002/07/owl#Thing	<http://dbpedia.org/ontology/formerName>	Вещь	прежнее наименование	1417	331604
http://dbpedia.org/ontology/SnookerChamp	__total__	чемпион мира по снукеру	__total__	0	0
http://dbpedia.org/ontology/SnookerPlayer	__total__	снукер игрока	__total__	0	0
http://dbpedia.org/ontology/SoccerPlayer	__total__	футболист	__total__	0	0
http://dbpedia.org/ontology/Swimmer	__total__	Пловец	__total__	0	0
http://dbpedia.org/ontology/TeamMember	__total__	Член команды	__total__	0	0
http://dbpedia.org/ontology/TennisPlayer	__total__	теннисист	__total__	0	0
http://dbpedia.org/ontology/VoiceActor	__total__	Голос актера	__total__	0	0
http://dbpedia.org/ontology/VolleyballPlayer	__total__	волейболист	__total__	0	0
http://dbpedia.org/ontology/Wrestler	__total__	борец	__total__	0	0
http://dbpedia.org/ontology/Writer	__total__	писатель	__total__	0	0
http://dbpedia.org/ontology/Organisation	<http://dbpedia.org/ontology/abbreviation>	организация	сокращение	639	4175
http://www.w3.org/2002/07/owl#Thing	<http://dbpedia.org/ontology/foundingYear>	Вещь	год основания	139	331604
http://www.w3.org/2002/07/owl#Thing	<http://dbpedia.org/ontology/headquarter>	Вещь	штаб-квартира	5	331604
http://www.w3.org/2002/07/owl#Thing	<http://dbpedia.org/ontology/location>	Вещь	местоположение	2426	331604
http://www.w3.org/2002/07/owl#Thing	<http://dbpedia.org/ontology/region>	Вещь	область	8732	331604
http://dbpedia.org/ontology/Scientist	<http://purl.org/dc/elements/1.1/description>	ученый	описание	14	74
http://dbpedia.org/ontology/Airline	__total__	авиакомпания	__total__	0	0
http://dbpedia.org/ontology/AmericanFootballLeague	__total__	Американская футбольная лига	__total__	0	0
http://dbpedia.org/ontology/AustralianFootballLeague	__total__	Австралийской футбольной лиги	__total__	0	0
http://dbpedia.org/ontology/Band	__total__	Полоса	__total__	0	0
http://dbpedia.org/ontology/BaseballLeague	__total__	бейсбольной лиги	__total__	0	0
http://dbpedia.org/ontology/BowlingLeague	__total__	лиги боулинга	__total__	0	0
http://dbpedia.org/ontology/BoxingLeague	__total__	бокс лиги	__total__	0	0
http://dbpedia.org/ontology/CanadianFootballLeague	__total__	Канадской футбольной лиги	__total__	0	0
http://dbpedia.org/ontology/Company	__total__	компания	__total__	0	0
http://dbpedia.org/ontology/CricketLeague	__total__	крикета лиги	__total__	0	0
http://dbpedia.org/ontology/CyclingLeague	__total__	Велоспорт лиги	__total__	0	0
http://www.w3.org/2002/07/owl#Thing	<http://dbpedia.org/ontology/stationStructure>	Вещь	станция структуры	2111	331604
http://dbpedia.org/ontology/FieldHockeyLeague	__total__	поля хоккейной лиги	__total__	0	0
http://dbpedia.org/ontology/GeopoliticalOrganisation	__total__	геополитическую организацию	__total__	0	0
http://dbpedia.org/ontology/GolfLeague	__total__	гольф-лиги	__total__	0	0
http://dbpedia.org/ontology/HandballLeague	__total__	гандбола лиги	__total__	0	0
http://dbpedia.org/ontology/IceHockeyLeague	__total__	хоккейная лига	__total__	0	0
http://dbpedia.org/ontology/InlineHockeyLeague	__total__	встроенный хоккейной лиги	__total__	0	0
http://dbpedia.org/ontology/LacrosseLeague	__total__	Лакросс лиги	__total__	0	0
http://dbpedia.org/ontology/Legislature	__total__	законодательная власть	__total__	0	0
http://dbpedia.org/ontology/MilitaryUnit	__total__	воинской части	__total__	0	0
http://dbpedia.org/ontology/MotorcycleRacingLeague	__total__	мотогонок лиги	__total__	0	0
http://www.w3.org/2002/07/owl#Thing	<http://dbpedia.org/ontology/populationTotal>	Вещь	общая численность населения	125980	331604
http://dbpedia.org/ontology/Non-ProfitOrganisation	<http://dbpedia.org/ontology/motto>	некоммерческая организация	девиз	57	412
http://dbpedia.org/ontology/Organisation	<http://dbpedia.org/ontology/director>	организация	директор	265	4175
http://dbpedia.org/ontology/Organisation	<http://xmlns.com/foaf/0.1/name>	организация	имя	3347	4175
http://www.w3.org/2002/07/owl#Thing	<http://dbpedia.org/ontology/endowment>	Вещь	фонд ($)	4	331604
http://dbpedia.org/ontology/Organisation	__total__	организация	__total__	4175	4175
http://dbpedia.org/ontology/EducationalInstitution	<http://dbpedia.org/ontology/staff>	учебное заведение	персонал	248	2770
http://dbpedia.org/ontology/PaintballLeague	__total__	пейнтбол лиги	__total__	0	0
http://dbpedia.org/ontology/PoliticalParty	__total__	Политическая партия	__total__	0	0
http://dbpedia.org/ontology/PoloLeague	__total__	Поло лиги	__total__	0	0
http://dbpedia.org/ontology/RadioControlledRacingLeague	__total__	радиоуправляемые гоночные лиги	__total__	0	0
http://dbpedia.org/ontology/RecordLabel	__total__	рекорд-лейбл	__total__	0	0
http://dbpedia.org/ontology/RugbyLeague	__total__	регби	__total__	0	0
http://dbpedia.org/ontology/SambaSchool	__total__	школы самбы	__total__	0	0
http://dbpedia.org/ontology/SoccerLeague	__total__	футбольной лиги	__total__	0	0
http://dbpedia.org/ontology/SoccerLeagueSeason	__total__	футбольной лиги сезона	__total__	0	0
http://dbpedia.org/ontology/SoftballLeague	__total__	софтбол лиги	__total__	0	0
http://dbpedia.org/ontology/SpeedwayLeague	__total__	спидвея лиги	__total__	0	0
http://dbpedia.org/ontology/SportsLeague	__total__	спортивной лиги	__total__	0	0
http://dbpedia.org/ontology/TennisLeague	__total__	тенниса лиги	__total__	0	0
http://dbpedia.org/ontology/VideogamesLeague	__total__	видеоигр лиги	__total__	0	0
http://dbpedia.org/ontology/VolleyballLeague	__total__	волейбол лига	__total__	0	0
http://www.w3.org/2002/07/owl#Thing	<http://dbpedia.org/ontology/areaTotal>	Вещь	Общая площадь (м2)	11494	331604
http://www.w3.org/2002/07/owl#Thing	<http://dbpedia.org/ontology/award>	Вещь	награда	4	331604
http://dbpedia.org/ontology/Organisation	<http://dbpedia.org/ontology/campus>	организация	кампус	40	4175
http://www.w3.org/2002/07/owl#Thing	<http://dbpedia.org/ontology/grossDomesticProduct>	Вещь	Валовой внутренний продукт (ВВП) ($)	1	331604
http://dbpedia.org/ontology/Organisation	<http://dbpedia.org/ontology/headquarter>	организация	штаб-квартира	5	4175
http://dbpedia.org/ontology/Organisation	<http://dbpedia.org/ontology/product>	организация	продукт	86	4175
http://dbpedia.org/ontology/Organisation	<http://xmlns.com/foaf/0.1/homepage>	организация	домашняя страница	2942	4175
http://dbpedia.org/ontology/AmericanFootballTeam	__total__	американский футбол команды	__total__	0	0
http://dbpedia.org/ontology/CanadianFootballTeam	__total__	Канадской футбольной команды	__total__	0	0
http://www.w3.org/2002/07/owl#Thing	<http://dbpedia.org/ontology/child>	Вещь	ребенок	722	331604
http://www.w3.org/2002/07/owl#Thing	<http://dbpedia.org/ontology/cinematography>	Вещь	кинематография	9446	331604
http://www.w3.org/2002/07/owl#Thing	<http://dbpedia.org/ontology/occupation>	Вещь	оккупация	652	331604
http://dbpedia.org/ontology/EducationalInstitution	<http://dbpedia.org/ontology/director>	учебное заведение	директор	51	2770
http://www.w3.org/2002/07/owl#Thing	<http://dbpedia.org/ontology/religion>	Вещь	религия	2867	331604
http://dbpedia.org/ontology/Library	<http://dbpedia.org/ontology/director>	библиотека	директор	17	167
http://dbpedia.org/ontology/University	<http://dbpedia.org/ontology/staff>	университет	персонал	206	1910
http://www.w3.org/2002/07/owl#Thing	<http://dbpedia.org/ontology/openingDate>	Вещь	Дата открытия	1	331604
http://dbpedia.org/ontology/EducationalInstitution	<http://dbpedia.org/ontology/location>	учебное заведение	местоположение	1811	2770
http://dbpedia.org/ontology/Library	<http://dbpedia.org/ontology/location>	библиотека	местоположение	154	167
http://dbpedia.org/ontology/EducationalInstitution	__total__	учебное заведение	__total__	2770	2770
http://dbpedia.org/ontology/HockeyTeam	__total__	Хоккейная команда	__total__	0	0
http://dbpedia.org/ontology/University	<http://dbpedia.org/ontology/motto>	университет	девиз	9	1910
http://dbpedia.org/ontology/Library	__total__	библиотека	__total__	167	167
http://dbpedia.org/ontology/EducationalInstitution	<http://dbpedia.org/ontology/president>	учебное заведение	президент	6	2770
http://dbpedia.org/ontology/School	<http://xmlns.com/foaf/0.1/name>	школа	имя	1	378
http://dbpedia.org/ontology/NationalSoccerClub	__total__	национального футбольного клуба	__total__	0	0
http://dbpedia.org/ontology/RugbyClub	__total__	Регби-клуб	__total__	0	0
http://dbpedia.org/ontology/School	__total__	школа	__total__	378	378
http://dbpedia.org/ontology/SoccerClub	__total__	футбольный клуб	__total__	0	0
http://dbpedia.org/ontology/SpeedwayTeam	__total__	спидвея команде	__total__	0	0
http://dbpedia.org/ontology/SportsTeam	__total__	спортивная команда	__total__	0	0
http://dbpedia.org/ontology/EducationalInstitution	<http://dbpedia.org/ontology/rector>	учебное заведение	ректор	203	2770
http://dbpedia.org/ontology/University	<http://dbpedia.org/ontology/rector>	университет	ректор	149	1910
http://www.w3.org/2002/07/owl#Thing	<http://dbpedia.org/ontology/distributor>	Вещь	дистрибьютор	11339	331604
http://www.w3.org/2002/07/owl#Thing	<http://dbpedia.org/ontology/yearOfElectrification>	Вещь	Год электрификации	139	331604
http://dbpedia.org/ontology/EducationalInstitution	<http://dbpedia.org/ontology/foundingYear>	учебное заведение	год основания	139	2770
http://www.w3.org/2002/07/owl#Thing	<http://dbpedia.org/ontology/gross>	Вещь	валовая ($)	857	331604
http://dbpedia.org/ontology/College	<http://dbpedia.org/ontology/abbreviation>	колледж	сокращение	111	148
http://dbpedia.org/ontology/EducationalInstitution	<http://dbpedia.org/ontology/abbreviation>	учебное заведение	сокращение	246	2770
http://dbpedia.org/ontology/University	<http://dbpedia.org/ontology/abbreviation>	университет	сокращение	8	1910
http://www.w3.org/2002/07/owl#Thing	<http://dbpedia.org/ontology/almaMater>	Вещь	альма-матер	29	331604
http://dbpedia.org/ontology/EducationalInstitution	<http://dbpedia.org/ontology/award>	учебное заведение	награда	4	2770
http://dbpedia.org/ontology/University	<http://dbpedia.org/ontology/award>	университет	награда	4	1910
http://dbpedia.org/ontology/EducationalInstitution	<http://dbpedia.org/ontology/campus>	учебное заведение	кампус	40	2770
http://dbpedia.org/ontology/University	<http://dbpedia.org/ontology/campus>	университет	кампус	40	1910
http://dbpedia.org/ontology/EducationalInstitution	<http://dbpedia.org/ontology/numberOfStudents>	учебное заведение	Количество студентов	611	2770
http://dbpedia.org/ontology/University	<http://dbpedia.org/ontology/numberOfStudents>	университет	Количество студентов	553	1910
http://www.w3.org/2002/07/owl#Thing	<http://www.georss.org/georss/point>	Вещь	точка	125552	331604
http://dbpedia.org/ontology/Library	<http://xmlns.com/foaf/0.1/homepage>	библиотека	домашняя страница	147	167
http://dbpedia.org/ontology/Place	<http://dbpedia.org/ontology/status>	место	статус	116622	173074
http://www.w3.org/2002/07/owl#Thing	<http://dbpedia.org/ontology/populationAsOf>	Вещь	Население по состоянию на	5	331604
http://dbpedia.org/ontology/ArchitecturalStructure	<http://xmlns.com/foaf/0.1/name>	архитектурное сооружение	имя	2369	2540
http://dbpedia.org/ontology/ArchitecturalStructure	<http://xmlns.com/foaf/0.1/homepage>	архитектурное сооружение	домашняя страница	147	2540
http://dbpedia.org/ontology/ArchitecturalStructure	<http://www.georss.org/georss/point>	архитектурное сооружение	точка	2187	2540
http://dbpedia.org/ontology/ArchitecturalStructure	<http://www.w3.org/1999/02/22-rdf-syntax-ns#type>	архитектурное сооружение	тип	2187	2540
http://dbpedia.org/ontology/ArchitecturalStructure	<http://xmlns.com/foaf/0.1/logo>	архитектурное сооружение	логотип	4	2540
http://www.w3.org/2002/07/owl#Thing	<http://dbpedia.org/ontology/era>	Вещь	эпоха	6664	331604
http://dbpedia.org/ontology/ArchitecturalStructure	__total__	архитектурное сооружение	__total__	2540	2540
http://dbpedia.org/ontology/ArchitecturalStructure	<http://www.w3.org/2003/01/geo/wgs84_pos#lat>	архитектурное сооружение	широта	2187	2540
http://www.w3.org/2002/07/owl#Thing	<http://dbpedia.org/ontology/motto>	Вещь	девиз	97	331604
http://dbpedia.org/ontology/ArchitecturalStructure	<http://www.w3.org/2003/01/geo/wgs84_pos#long>	архитектурное сооружение	долгота	2187	2540
http://dbpedia.org/ontology/Broadcaster	__total__	диктор	__total__	0	0
http://dbpedia.org/ontology/Constellation	__total__	Созвездие	__total__	0	0
http://dbpedia.org/ontology/Disease	__total__	болезнь	__total__	0	0
http://dbpedia.org/ontology/Gene	__total__	ген	__total__	0	0
http://dbpedia.org/ontology/HumanGene	__total__	HumanGene	__total__	0	0
http://www.w3.org/2002/07/owl#Thing	<http://dbpedia.org/ontology/postalCode>	Вещь	почтовый код	91787	331604
http://dbpedia.org/ontology/Mollusca	__total__	моллюск	__total__	0	0
http://dbpedia.org/ontology/MouseGene	__total__	MouseGene	__total__	0	0
http://dbpedia.org/ontology/OlympicResult	__total__	олимпийский результат	__total__	0	0
http://dbpedia.org/ontology/Park	__total__	парк	__total__	0	0
http://www.w3.org/2002/07/owl#Thing	<http://dbpedia.org/ontology/successor>	Вещь	преемник	20	331604
http://dbpedia.org/ontology/ArchitecturalStructure	<http://dbpedia.org/ontology/director>	архитектурное сооружение	директор	17	2540
http://www.w3.org/2002/07/owl#Thing	<http://dbpedia.org/ontology/foundedBy>	Вещь	основанная	91	331604
http://www.w3.org/2002/07/owl#Thing	<http://dbpedia.org/ontology/releaseDate>	Вещь	дата выпуска	2	331604
http://www.w3.org/2002/07/owl#Thing	<http://dbpedia.org/ontology/campus>	Вещь	кампус	40	331604
http://dbpedia.org/ontology/ArchitecturalStructure	<http://dbpedia.org/ontology/yearOfElectrification>	архитектурное сооружение	Год электрификации	139	2540
http://dbpedia.org/ontology/Protein	__total__	белок	__total__	0	0
http://dbpedia.org/ontology/RadioStation	__total__	радиостанция	__total__	0	0
http://dbpedia.org/ontology/SoccerClubSeason	__total__	Футбольный клуб сезона	__total__	0	0
http://dbpedia.org/ontology/SportsTeamSeason	__total__	спортивная команда сезона	__total__	0	0
http://dbpedia.org/ontology/TelevisionStation	__total__	телевизионная станция	__total__	0	0
http://dbpedia.org/ontology/TradeUnion	__total__	профсоюз	__total__	0	0
http://www.w3.org/2002/07/owl#Thing	<http://dbpedia.org/ontology/areaCode>	Вещь	код зоны	85848	331604
http://dbpedia.org/ontology/Place	<http://dbpedia.org/ontology/areaTotal>	место	Общая площадь (м2)	11494	173074
http://dbpedia.org/ontology/Place	<http://dbpedia.org/ontology/country>	место	страна	83956	173074
http://dbpedia.org/ontology/Place	<http://dbpedia.org/ontology/formerName>	место	прежнее наименование	1417	173074
http://dbpedia.org/ontology/ArchitecturalStructure	<http://dbpedia.org/ontology/location>	архитектурное сооружение	местоположение	154	2540
http://www.w3.org/2002/07/owl#Thing	<http://dbpedia.org/ontology/number>	Вещь	номер	126	331604
http://dbpedia.org/ontology/ArchitecturalStructure	<http://dbpedia.org/ontology/openingDate>	архитектурное сооружение	Дата открытия	1	2540
http://dbpedia.org/ontology/Infrastructure	<http://dbpedia.org/ontology/openingDate>	инфраструктура	Дата открытия	1	2373
http://www.w3.org/2002/07/owl#Thing	<http://dbpedia.org/ontology/predecessor>	Вещь	предшественник	27	331604
http://www.w3.org/2002/07/owl#Thing	<http://dbpedia.org/ontology/publicationDate>	Вещь	дату публикации	12	331604
http://dbpedia.org/ontology/Place	<http://dbpedia.org/ontology/region>	место	область	8732	173074
http://www.w3.org/2002/07/owl#Thing	<http://dbpedia.org/ontology/series>	Вещь	серия	1235	331604
http://www.w3.org/2002/07/owl#Thing	<http://dbpedia.org/ontology/starring>	Вещь	в главной роли	17421	331604
http://dbpedia.org/ontology/ArchitecturalStructure	<http://dbpedia.org/ontology/stationStructure>	архитектурное сооружение	станция структуры	2111	2540
http://dbpedia.org/ontology/Place	<http://dbpedia.org/ontology/stationStructure>	место	станция структуры	2111	173074
http://dbpedia.org/ontology/Place	<http://www.w3.org/2003/01/geo/wgs84_pos#long>	место	долгота	125552	173074
http://dbpedia.org/ontology/Station	__total__	станция	__total__	2373	2373
http://dbpedia.org/ontology/Airport	__total__	аэропорт	__total__	0	0
http://dbpedia.org/ontology/Arena	__total__	арена	__total__	0	0
http://dbpedia.org/ontology/Bridge	__total__	мост	__total__	0	0
http://dbpedia.org/ontology/Station	<http://dbpedia.org/ontology/openingDate>	станция	Дата открытия	1	2373
http://dbpedia.org/ontology/Canal	__total__	канал	__total__	0	0
http://dbpedia.org/ontology/Cave	__total__	пещера	__total__	0	0
http://dbpedia.org/ontology/Church	__total__	церковь	__total__	0	0
http://dbpedia.org/ontology/HistoricBuilding	__total__	Историческое здание	__total__	0	0
http://dbpedia.org/ontology/Hospital	__total__	больница	__total__	0	0
http://dbpedia.org/ontology/Hotel	__total__	отель	__total__	0	0
http://dbpedia.org/ontology/Station	<http://www.w3.org/2003/01/geo/wgs84_pos#long>	станция	долгота	2187	2373
http://dbpedia.org/ontology/Lake	__total__	озеро	__total__	0	0
http://dbpedia.org/ontology/LaunchPad	__total__	стартовой площадке	__total__	0	0
http://dbpedia.org/ontology/Lighthouse	__total__	маяк	__total__	0	0
http://dbpedia.org/ontology/LunarCrater	__total__	лунный кратер	__total__	0	0
http://dbpedia.org/ontology/Monument	__total__	памятник	__total__	0	0
http://dbpedia.org/ontology/Mountain	__total__	гора	__total__	0	0
http://dbpedia.org/ontology/MountainPass	__total__	горный перевал	__total__	0	0
http://dbpedia.org/ontology/MountainRange	__total__	горный хребет	__total__	0	0
http://dbpedia.org/ontology/Museum	__total__	музей	__total__	0	0
http://www.w3.org/2002/07/owl#Thing	<http://xmlns.com/foaf/0.1/homepage>	Вещь	домашняя страница	39590	331604
http://dbpedia.org/ontology/Station	<http://dbpedia.org/ontology/yearOfElectrification>	станция	Год электрификации	139	2373
http://dbpedia.org/ontology/PowerStation	__total__	электростанция	__total__	0	0
http://dbpedia.org/ontology/ProtectedArea	__total__	охраняемая территория	__total__	0	0
http://dbpedia.org/ontology/PublicTransitSystem	__total__	система общественного транспорта	__total__	0	0
http://dbpedia.org/ontology/RailwayLine	__total__	железнодорожная линия	__total__	0	0
http://dbpedia.org/ontology/RailwayTunnel	__total__	железнодорожный туннель	__total__	0	0
http://dbpedia.org/ontology/ReligiousBuilding	__total__	Культовые здания и сооружения	__total__	0	0
http://dbpedia.org/ontology/Restaurant	__total__	ресторан	__total__	0	0
http://dbpedia.org/ontology/Building	<http://dbpedia.org/ontology/director>	Здание	директор	17	167
http://dbpedia.org/ontology/Road	__total__	дорога	__total__	0	0
http://dbpedia.org/ontology/RoadJunction	__total__	дорожная развязка	__total__	0	0
http://dbpedia.org/ontology/RoadTunnel	__total__	автодорожный тоннель	__total__	0	0
http://dbpedia.org/ontology/RouteOfTransportation	__total__	маршрут перевозки	__total__	0	0
http://dbpedia.org/ontology/ShoppingMall	__total__	торговый центр	__total__	0	0
http://dbpedia.org/ontology/SiteOfSpecialScientificInterest	__total__	Участок особого научного интереса	__total__	0	0
http://dbpedia.org/ontology/SkiArea	__total__	Лыжный район	__total__	0	0
http://dbpedia.org/ontology/Skyscraper	__total__	небоскреб	__total__	0	0
http://dbpedia.org/ontology/Stadium	__total__	стадион	__total__	0	0
http://dbpedia.org/ontology/Theatre	__total__	театр	__total__	0	0
http://dbpedia.org/ontology/Tunnel	__total__	тоннель	__total__	0	0
http://dbpedia.org/ontology/Valley	__total__	долина	__total__	0	0
http://dbpedia.org/ontology/Volcano	__total__	вулкан	__total__	0	0
http://dbpedia.org/ontology/WaterwayTunnel	__total__	водный туннель	__total__	0	0
http://dbpedia.org/ontology/WorldHeritageSite	__total__	Всемирного наследия	__total__	0	0
http://dbpedia.org/ontology/River	<http://dbpedia.org/ontology/country>	река	страна	795	28056
http://dbpedia.org/ontology/Station	<http://dbpedia.org/ontology/stationStructure>	станция	станция структуры	2111	2373
http://dbpedia.org/ontology/PopulatedPlace	<http://dbpedia.org/ontology/status>	населенный пункт	статус	116622	142478
http://dbpedia.org/ontology/Station	<http://www.georss.org/georss/point>	станция	точка	2187	2373
http://dbpedia.org/ontology/Station	<http://www.w3.org/1999/02/22-rdf-syntax-ns#type>	станция	тип	2187	2373
http://dbpedia.org/ontology/Station	<http://www.w3.org/2003/01/geo/wgs84_pos#lat>	станция	широта	2187	2373
http://dbpedia.org/ontology/PopulatedPlace	<http://www.w3.org/2003/01/geo/wgs84_pos#long>	населенный пункт	долгота	123365	142478
http://dbpedia.org/ontology/Station	<http://xmlns.com/foaf/0.1/logo>	станция	логотип	4	2373
http://dbpedia.org/ontology/Station	<http://xmlns.com/foaf/0.1/name>	станция	имя	2369	2373
http://dbpedia.org/ontology/NaturalPlace	<http://xmlns.com/foaf/0.1/name>	Естественное место	имя	28034	28056
http://www.w3.org/2002/07/owl#Thing	<http://dbpedia.org/ontology/budget>	Вещь	Бюджет ($)	1432	331604
http://www.w3.org/2002/07/owl#Thing	<http://dbpedia.org/ontology/product>	Вещь	продукт	86	331604
http://dbpedia.org/ontology/AdministrativeRegion	<http://dbpedia.org/ontology/postalCode>	административный район	почтовый код	1653	18652
http://dbpedia.org/ontology/Country	<http://dbpedia.org/ontology/grossDomesticProduct>	Государство	Валовой внутренний продукт (ВВП) ($)	1	295
http://dbpedia.org/ontology/AdministrativeRegion	<http://dbpedia.org/ontology/country>	административный район	страна	16793	18652
http://www.w3.org/2002/07/owl#Thing	<http://xmlns.com/foaf/0.1/logo>	Вещь	логотип	25	331604
http://dbpedia.org/ontology/AdministrativeRegion	__total__	административный район	__total__	18652	18652
http://dbpedia.org/ontology/AdministrativeRegion	<http://dbpedia.org/ontology/areaTotal>	административный район	Общая площадь (м2)	11460	18652
http://dbpedia.org/ontology/AdministrativeRegion	<http://xmlns.com/foaf/0.1/homepage>	административный район	домашняя страница	5218	18652
http://dbpedia.org/ontology/Animal	__total__	животное	__total__	0	0
http://dbpedia.org/ontology/Arachnid	__total__	паукообразный	__total__	0	0
http://dbpedia.org/ontology/Archaea	__total__	архей	__total__	0	0
http://dbpedia.org/ontology/Atoll	__total__	атолл	__total__	0	0
http://dbpedia.org/ontology/ChemicalSubstance	__total__	Химическое вещество	__total__	126	126
http://dbpedia.org/ontology/Country	__total__	Государство	__total__	295	295
http://dbpedia.org/ontology/Country	<http://dbpedia.org/ontology/humanDevelopmentIndex>	Государство	None	103	295
http://dbpedia.org/ontology/City	__total__	город	__total__	0	0
http://dbpedia.org/ontology/ClubMoss	__total__	плаун	__total__	0	0
http://dbpedia.org/ontology/Conifer	__total__	хвойное дерево	__total__	0	0
http://dbpedia.org/ontology/Continent	__total__	континент	__total__	0	0
http://dbpedia.org/ontology/Cycad	__total__	Cycad	__total__	0	0
http://dbpedia.org/ontology/Eukaryote	__total__	эукариот	__total__	0	0
http://dbpedia.org/ontology/Fern	__total__	папоротник	__total__	0	0
http://dbpedia.org/ontology/Fish	__total__	рыба	__total__	0	0
http://dbpedia.org/ontology/FloweringPlant	__total__	цветущее растение	__total__	0	0
http://dbpedia.org/ontology/Ginkgo	__total__	гинкго	__total__	0	0
http://dbpedia.org/ontology/Grape	__total__	виноград	__total__	0	0
http://dbpedia.org/ontology/GreenAlga	__total__	зеленые водоросли	__total__	0	0
http://dbpedia.org/ontology/HistoricPlace	__total__	историческое место	__total__	0	0
http://dbpedia.org/ontology/Insect	__total__	насекомое	__total__	0	0
http://dbpedia.org/ontology/Island	__total__	остров	__total__	0	0
http://dbpedia.org/ontology/Mineral	__total__	минеральный	__total__	0	0
http://dbpedia.org/ontology/Moss	__total__	мох	__total__	0	0
http://dbpedia.org/ontology/Plant	__total__	завод	__total__	0	0
http://dbpedia.org/ontology/PopulatedPlace	__total__	населенный пункт	__total__	142478	142478
http://dbpedia.org/ontology/Reptile	__total__	рептилия	__total__	0	0
http://dbpedia.org/ontology/Settlement	__total__	муниципалитет	__total__	0	0
http://dbpedia.org/ontology/Species	__total__	вид	__total__	0	0
http://dbpedia.org/ontology/Town	__total__	город	__total__	0	0
http://dbpedia.org/ontology/Unknown	__total__	Неизвестный	__total__	0	0
http://dbpedia.org/ontology/Village	__total__	деревня	__total__	0	0
http://dbpedia.org/ontology/WineRegion	__total__	винодельческого региона	__total__	0	0
http://www.w3.org/2002/07/owl#Thing	__total__	Вещь	__total__	331604	331604
http://dbpedia.org/ontology/AdministrativeRegion	<http://dbpedia.org/ontology/areaCode>	административный район	код зоны	6107	18652
http://dbpedia.org/ontology/AdministrativeRegion	<http://dbpedia.org/ontology/capital>	административный район	капитал	14558	18652
http://www.w3.org/2002/07/owl#Thing	<http://dbpedia.org/ontology/isbn>	Вещь	ISBN	38931	331604
http://www.w3.org/2002/07/owl#Thing	<http://dbpedia.org/ontology/numberOfGraduateStudents>	Вещь	Число аспирантов	72	331604
http://dbpedia.org/ontology/AdministrativeRegion	<http://dbpedia.org/ontology/populationTotal>	административный район	общая численность населения	13579	18652
http://dbpedia.org/ontology/AdministrativeRegion	<http://dbpedia.org/ontology/title>	административный район	название	6061	18652
http://dbpedia.org/ontology/AdministrativeRegion	<http://xmlns.com/foaf/0.1/name>	административный район	имя	18594	18652
http://dbpedia.org/ontology/Gnetophytes	__total__	Гнетофиты	__total__	0	0
http://dbpedia.org/ontology/ChemicalElement	<http://xmlns.com/foaf/0.1/name>	химический элемент	имя	126	126
http://dbpedia.org/ontology/ChemicalSubstance	<http://xmlns.com/foaf/0.1/name>	Химическое вещество	имя	126	126
http://www.w3.org/2002/07/owl#Thing	<http://xmlns.com/foaf/0.1/name>	Вещь	имя	308038	331604
http://dbpedia.org/ontology/Amphibian	__total__	амфибия	__total__	0	0
http://dbpedia.org/ontology/AustralianRulesFootballPlayer	__total__	Австралийские правила футболист	__total__	0	0
http://dbpedia.org/ontology/AutoRacingLeague	__total__	Автогонки лиги	__total__	0	0
http://dbpedia.org/ontology/SupremeCourtOfTheUnitedStatesCase	__total__	Верховный Суд по делу United States	__total__	0	0
http://schema.org/Product	__total__	Продукт	__total__	0	0
http://dbpedia.org/ontology/College	<http://dbpedia.org/ontology/director>	колледж	директор	18	148
http://dbpedia.org/ontology/Book	<http://dbpedia.org/ontology/numberOfPages>	книга	Количество страниц	43456	85769
http://dbpedia.org/ontology/College	<http://dbpedia.org/ontology/numberOfStudents>	колледж	Количество студентов	33	148
http://dbpedia.org/ontology/Automobile	__total__	автомобиль	__total__	0	0
http://dbpedia.org/ontology/AutomobileEngine	__total__	автомобильных двигателей	__total__	0	0
http://dbpedia.org/ontology/Award	__total__	награда	__total__	0	0
http://dbpedia.org/ontology/Bacteria	__total__	бактерии	__total__	0	0
http://dbpedia.org/ontology/BaseballTeam	__total__	бейсбольной команды	__total__	0	0
http://dbpedia.org/ontology/BasketballLeague	__total__	баскетбольная лига	__total__	0	0
http://dbpedia.org/ontology/BasketballPlayer	__total__	баскетболист	__total__	0	0
http://dbpedia.org/ontology/BasketballTeam	__total__	Баскетбольная команда	__total__	0	0
http://dbpedia.org/ontology/Beverage	__total__	напиток	__total__	0	0
http://dbpedia.org/ontology/Biomolecule	__total__	Биомолекулы	__total__	0	0
http://dbpedia.org/ontology/Bird	__total__	птица	__total__	0	0
http://dbpedia.org/ontology/EducationalInstitution	<http://www.w3.org/1999/02/22-rdf-syntax-ns#type>	учебное заведение	тип	66	2770
http://dbpedia.org/ontology/EducationalInstitution	<http://dbpedia.org/ontology/picture>	учебное заведение	картинка	1	2770
http://dbpedia.org/ontology/Building	<http://xmlns.com/foaf/0.1/homepage>	Здание	домашняя страница	147	167
http://dbpedia.org/ontology/BroadcastNetwork	__total__	широковещательной сети	__total__	0	0
http://dbpedia.org/ontology/Cardinal	__total__	кардинал	__total__	0	0
http://dbpedia.org/ontology/Celebrity	__total__	знаменитость	__total__	0	0
http://dbpedia.org/ontology/ChemicalCompound	__total__	Химическое соединение	__total__	0	0
http://dbpedia.org/ontology/ChemicalElement	__total__	химический элемент	__total__	126	126
http://dbpedia.org/ontology/Book	<http://dbpedia.org/ontology/publisher>	книга	издатель	9355	85769
http://dbpedia.org/ontology/College	<http://dbpedia.org/ontology/rector>	колледж	ректор	1	148
http://dbpedia.org/ontology/ChristianPatriarch	__total__	Христианская Патриарха	__total__	0	0
http://dbpedia.org/ontology/EducationalInstitution	<http://dbpedia.org/ontology/type>	учебное заведение	тип	23	2770
http://dbpedia.org/ontology/College	<http://xmlns.com/foaf/0.1/homepage>	колледж	домашняя страница	108	148
http://dbpedia.org/ontology/BodyOfWater	<http://xmlns.com/foaf/0.1/name>	водное пространство	имя	28034	28056
http://dbpedia.org/ontology/ComicsCreator	__total__	Создатель комиксов	__total__	0	0
http://dbpedia.org/ontology/Crustacean	__total__	ракообразное	__total__	0	0
http://dbpedia.org/ontology/CurlingLeague	__total__	керлинг лиги	__total__	0	0
http://dbpedia.org/ontology/Instrument	__total__	Инструмент	__total__	0	0
http://dbpedia.org/ontology/Letter	__total__	письмо	__total__	0	0
http://dbpedia.org/ontology/Mammal	__total__	млекопитающее	__total__	0	0
http://dbpedia.org/ontology/Book	<http://dbpedia.org/ontology/editor>	книга	редактор	2335	85769
http://dbpedia.org/ontology/College	<http://dbpedia.org/ontology/foundingYear>	колледж	год основания	139	148
http://www.w3.org/2002/07/owl#Thing	<http://dbpedia.org/ontology/leader>	Вещь	лидер	4	331604
http://dbpedia.org/ontology/College	<http://dbpedia.org/ontology/motto>	колледж	девиз	13	148
http://dbpedia.org/ontology/ChemicalElement	<http://dbpedia.org/ontology/number>	химический элемент	номер	126	126
http://dbpedia.org/ontology/ChemicalSubstance	<http://dbpedia.org/ontology/number>	Химическое вещество	номер	126	126
http://dbpedia.org/ontology/Embryology	__total__	эмбриология	__total__	0	0
http://dbpedia.org/ontology/EurovisionSongContestEntry	__total__	Евровидения песенном конкурсе	__total__	0	0
http://dbpedia.org/ontology/FictionalCharacter	__total__	вымышленный персонаж	__total__	0	0
http://dbpedia.org/ontology/Infrastructure	<http://dbpedia.org/ontology/yearOfElectrification>	инфраструктура	Год электрификации	139	2373
http://dbpedia.org/ontology/Infrastructure	<http://www.georss.org/georss/point>	инфраструктура	точка	2187	2373
http://dbpedia.org/ontology/Infrastructure	<http://www.w3.org/1999/02/22-rdf-syntax-ns#type>	инфраструктура	тип	2187	2373
http://dbpedia.org/ontology/Infrastructure	<http://www.w3.org/2003/01/geo/wgs84_pos#long>	инфраструктура	долгота	2187	2373
http://dbpedia.org/ontology/Film	<http://xmlns.com/foaf/0.1/logo>	фильм	логотип	8	19217
http://dbpedia.org/ontology/Infrastructure	<http://xmlns.com/foaf/0.1/logo>	инфраструктура	логотип	4	2373
http://dbpedia.org/ontology/FormulaOneRacing	__total__	Формула один гоночный	__total__	0	0
http://dbpedia.org/ontology/Fungus	__total__	гриб	__total__	0	0
http://dbpedia.org/ontology/GeneLocation	__total__	GeneLocation	__total__	0	0
http://dbpedia.org/ontology/GovernmentAgency	__total__	государственное агентство	__total__	0	0
http://dbpedia.org/ontology/GridironFootballPlayer	__total__	Игрок футбольное поле футбол	__total__	0	0
http://dbpedia.org/ontology/Ideology	__total__	идеология	__total__	0	0
http://dbpedia.org/ontology/Infrastructure	<http://xmlns.com/foaf/0.1/name>	инфраструктура	имя	2369	2373
http://dbpedia.org/ontology/Infrastructure	__total__	инфраструктура	__total__	2373	2373
http://dbpedia.org/ontology/LawFirm	__total__	юридическая фирма	__total__	0	0
http://dbpedia.org/ontology/LegalCase	__total__	Судебное дело	__total__	0	0
http://dbpedia.org/ontology/Lieutenant	__total__	лейтенант	__total__	0	0
http://dbpedia.org/ontology/MilitaryConflict	__total__	военный конфликт	__total__	0	0
http://dbpedia.org/ontology/MixedMartialArtsLeague	__total__	смешанных боевых искусств лиги	__total__	0	0
http://dbpedia.org/ontology/MusicFestival	__total__	Музыкальный фестиваль	__total__	0	0
http://dbpedia.org/ontology/NationalCollegiateAthleticAssociationAthlete	__total__	национального студенческого спорта спортсмен ассоциации	__total__	0	0
http://dbpedia.org/ontology/NaturalPlace	__total__	Естественное место	__total__	28056	28056
http://dbpedia.org/ontology/Non-ProfitOrganisation	__total__	некоммерческая организация	__total__	412	412
http://dbpedia.org/ontology/Film	<http://dbpedia.org/ontology/budget>	фильм	Бюджет ($)	1432	19217
http://dbpedia.org/ontology/NaturalPlace	<http://dbpedia.org/ontology/country>	Естественное место	страна	795	28056
http://dbpedia.org/ontology/Non-ProfitOrganisation	<http://dbpedia.org/ontology/endowment>	некоммерческая организация	фонд ($)	4	412
http://dbpedia.org/ontology/Film	<http://dbpedia.org/ontology/genre>	фильм	жанр	17445	19217
http://dbpedia.org/ontology/Film	<http://dbpedia.org/ontology/gross>	фильм	валовая ($)	857	19217
http://dbpedia.org/ontology/Film	<http://dbpedia.org/ontology/language>	фильм	язык	5963	19217
http://dbpedia.org/ontology/Non-ProfitOrganisation	<http://dbpedia.org/ontology/location>	некоммерческая организация	местоположение	239	412
http://dbpedia.org/ontology/Film	<http://dbpedia.org/ontology/releaseDate>	фильм	дата выпуска	2	19217
http://dbpedia.org/ontology/Non-ProfitOrganisation	<http://dbpedia.org/ontology/revenue>	некоммерческая организация	выручка ($)	6	412
http://dbpedia.org/ontology/Film	<http://dbpedia.org/ontology/starring>	фильм	в главной роли	17421	19217
http://dbpedia.org/ontology/Infrastructure	<http://dbpedia.org/ontology/stationStructure>	инфраструктура	станция структуры	2111	2373
http://dbpedia.org/ontology/Person	<http://dbpedia.org/ontology/spouse>	человек	супруга	2033	33215
http://dbpedia.org/ontology/Organisation	<http://dbpedia.org/ontology/staff>	организация	персонал	248	4175
http://dbpedia.org/ontology/Person	<http://dbpedia.org/ontology/successor>	человек	преемник	20	33215
http://dbpedia.org/ontology/Place	<http://www.w3.org/2003/01/geo/wgs84_pos#lat>	место	широта	125552	173074
http://dbpedia.org/ontology/Organisation	<http://dbpedia.org/ontology/motto>	организация	девиз	97	4175
http://dbpedia.org/ontology/OrganisationMember	__total__	Организация члена	__total__	0	0
http://dbpedia.org/ontology/Organisation	<http://dbpedia.org/ontology/numberOfStudents>	организация	Количество студентов	611	4175
http://dbpedia.org/ontology/Place	<http://dbpedia.org/ontology/timeZone>	место	часовой пояс	4	173074
http://dbpedia.org/ontology/Place	<http://dbpedia.org/ontology/title>	место	название	6061	173074
http://dbpedia.org/ontology/Person	<http://dbpedia.org/ontology/party>	человек	партия	4505	33215
http://dbpedia.org/ontology/Person	<http://xmlns.com/foaf/0.1/homepage>	человек	домашняя страница	191	33215
http://dbpedia.org/ontology/Organisation	<http://dbpedia.org/ontology/picture>	организация	картинка	1	4175
http://dbpedia.org/ontology/Person	<http://dbpedia.org/ontology/picture>	человек	картинка	1	33215
http://dbpedia.org/ontology/Person	<http://dbpedia.org/ontology/university>	человек	университет	38	33215
http://dbpedia.org/ontology/Person	__total__	человек	__total__	33215	33215
http://dbpedia.org/ontology/Place	<http://xmlns.com/foaf/0.1/homepage>	место	домашняя страница	36604	173074
http://dbpedia.org/ontology/Place	<http://xmlns.com/foaf/0.1/logo>	место	логотип	17	173074
http://dbpedia.org/ontology/Place	<http://dbpedia.org/ontology/yearOfElectrification>	место	Год электрификации	139	173074
http://dbpedia.org/ontology/Person	<http://xmlns.com/foaf/0.1/name>	человек	имя	32153	33215
http://dbpedia.org/ontology/Place	<http://dbpedia.org/ontology/populationAsOf>	место	Население по состоянию на	5	173074
http://dbpedia.org/ontology/Person	<http://purl.org/dc/elements/1.1/description>	человек	описание	909	33215
http://dbpedia.org/ontology/Place	<http://xmlns.com/foaf/0.1/name>	место	имя	166424	173074
http://dbpedia.org/ontology/Place	<http://dbpedia.org/ontology/populationTotal>	место	общая численность населения	125980	173074
http://dbpedia.org/ontology/Place	<http://dbpedia.org/ontology/postalCode>	место	почтовый код	91787	173074
http://dbpedia.org/ontology/Place	<http://www.georss.org/georss/point>	место	точка	125552	173074
http://dbpedia.org/ontology/Person	<http://dbpedia.org/ontology/predecessor>	человек	предшественник	27	33215
http://dbpedia.org/ontology/Person	<http://dbpedia.org/ontology/restingPlace>	человек	место отдыха	1192	33215
http://dbpedia.org/ontology/Place	__total__	место	__total__	173074	173074
http://dbpedia.org/ontology/Place	<http://dbpedia.org/ontology/humanDevelopmentIndex>	место	None	103	173074
http://dbpedia.org/ontology/Place	<http://dbpedia.org/ontology/areaCode>	место	код зоны	85848	173074
http://dbpedia.org/ontology/Person	<http://dbpedia.org/ontology/birthPlace>	человек	место рождения	9446	33215
http://dbpedia.org/ontology/Place	<http://dbpedia.org/ontology/capital>	место	капитал	14558	173074
http://dbpedia.org/ontology/Person	<http://dbpedia.org/ontology/child>	человек	ребенок	722	33215
http://dbpedia.org/ontology/Person	<http://dbpedia.org/ontology/citizenship>	человек	гражданство	2168	33215
http://dbpedia.org/ontology/PopulatedPlace	<http://dbpedia.org/ontology/country>	населенный пункт	страна	83161	142478
http://dbpedia.org/ontology/Person	<http://dbpedia.org/ontology/deathPlace>	человек	место смерти	6252	33215
http://dbpedia.org/ontology/Place	<http://dbpedia.org/ontology/director>	место	директор	17	173074
http://dbpedia.org/ontology/Organisation	<http://dbpedia.org/ontology/foundedBy>	организация	основанная	91	4175
http://dbpedia.org/ontology/Place	<http://dbpedia.org/ontology/grossDomesticProduct>	место	Валовой внутренний продукт (ВВП) ($)	1	173074
http://dbpedia.org/ontology/Place	<http://dbpedia.org/ontology/location>	место	местоположение	154	173074
http://dbpedia.org/ontology/River	__total__	река	__total__	28056	28056
http://dbpedia.org/ontology/SoccerTournament	__total__	футбол tournoment	__total__	0	0
http://dbpedia.org/ontology/SportsEvent	__total__	спортивные мероприятия	__total__	0	0
http://dbpedia.org/ontology/University	<http://dbpedia.org/ontology/director>	университет	директор	1	1910
http://dbpedia.org/ontology/Stream	__total__	поток	__total__	28056	28056
http://dbpedia.org/ontology/TopicalConcept	__total__	актуальные концепции	__total__	0	0
http://dbpedia.org/ontology/Work	<http://dbpedia.org/ontology/publisher>	работать	издатель	9355	114513
http://dbpedia.org/ontology/Work	<http://dbpedia.org/ontology/releaseDate>	работать	дата выпуска	2	114513
http://dbpedia.org/ontology/University	__total__	университет	__total__	1910	1910
http://dbpedia.org/ontology/Work	<http://dbpedia.org/ontology/director>	работать	директор	16811	114513
http://dbpedia.org/ontology/Work	<http://dbpedia.org/ontology/series>	работать	серия	1235	114513
http://dbpedia.org/ontology/WomensTennisAssociationTournament	__total__	Женской теннисной ассоциации турнира	__total__	0	0
http://dbpedia.org/ontology/Work	<http://dbpedia.org/ontology/starring>	работать	в главной роли	17421	114513
http://dbpedia.org/ontology/Work	<http://dbpedia.org/ontology/title>	работать	название	19189	114513
http://dbpedia.org/ontology/Work	__total__	работать	__total__	114513	114513
http://dbpedia.org/ontology/Work	<http://dbpedia.org/ontology/gross>	работать	валовая ($)	857	114513
http://dbpedia.org/ontology/University	<http://dbpedia.org/ontology/type>	университет	тип	1	1910
http://dbpedia.org/ontology/University	<http://www.w3.org/1999/02/22-rdf-syntax-ns#type>	университет	тип	56	1910
http://dbpedia.org/ontology/University	<http://xmlns.com/foaf/0.1/homepage>	университет	домашняя страница	1547	1910
http://dbpedia.org/ontology/Work	<http://dbpedia.org/ontology/imdbId>	работать	IMDB ID	17863	114513
http://dbpedia.org/ontology/University	<http://xmlns.com/foaf/0.1/name>	университет	имя	1708	1910
http://dbpedia.org/ontology/Work	<http://xmlns.com/foaf/0.1/name>	работать	имя	99320	114513
http://dbpedia.org/ontology/Work	<http://dbpedia.org/ontology/isbn>	работать	ISBN	38931	114513
http://dbpedia.org/ontology/WrittenWork	<http://dbpedia.org/ontology/isbn>	письменные работы	ISBN	38931	85769
http://dbpedia.org/ontology/University	<http://dbpedia.org/ontology/location>	университет	местоположение	1430	1910
http://dbpedia.org/ontology/Work	<http://dbpedia.org/ontology/musicComposer>	работать	композитор	9994	114513
http://www.w3.org/2002/07/owl#Thing	<http://dbpedia.org/ontology/abbreviation>	Вещь	сокращение	639	331604
http://dbpedia.org/ontology/Work	<http://dbpedia.org/ontology/author>	работать	автор	11090	114513
http://dbpedia.org/ontology/WrittenWork	<http://dbpedia.org/ontology/author>	письменные работы	автор	11090	85769
http://dbpedia.org/ontology/Work	<http://dbpedia.org/ontology/budget>	работать	Бюджет ($)	1432	114513
http://dbpedia.org/ontology/Work	<http://dbpedia.org/ontology/city>	работать	город	4667	114513
http://dbpedia.org/ontology/WrittenWork	<http://dbpedia.org/ontology/city>	письменные работы	город	4667	85769
http://dbpedia.org/ontology/Stream	<http://dbpedia.org/ontology/country>	поток	страна	795	28056
http://dbpedia.org/ontology/University	<http://dbpedia.org/ontology/dean>	университет	декан	18	1910
http://dbpedia.org/ontology/University	<http://dbpedia.org/ontology/numberOfGraduateStudents>	университет	Число аспирантов	62	1910
http://dbpedia.org/ontology/Work	<http://dbpedia.org/ontology/numberOfPages>	работать	Количество страниц	43456	114513
http://dbpedia.org/ontology/Work	<http://dbpedia.org/ontology/producer>	работать	производитель	8004	114513
http://dbpedia.org/ontology/WrittenWork	<http://dbpedia.org/ontology/publicationDate>	письменные работы	дату публикации	12	85769
http://dbpedia.org/ontology/Place	<http://dbpedia.org/ontology/openingDate>	место	Дата открытия	1	173074
http://www.w3.org/2002/07/owl#Thing	<http://dbpedia.org/ontology/constellation>	Вещь	None	6610	331604
http://www.w3.org/2002/07/owl#Thing	<http://dbpedia.org/ontology/humanDevelopmentIndex>	Вещь	None	103	331604
http://www.w3.org/2002/07/owl#Thing	<http://dbpedia.org/ontology/party>	Вещь	партия	4505	331604
http://www.w3.org/2002/07/owl#Thing	<http://dbpedia.org/ontology/president>	Вещь	президент	6	331604
http://www.w3.org/2002/07/owl#Thing	<http://dbpedia.org/ontology/producer>	Вещь	производитель	8004	331604
http://www.w3.org/2002/07/owl#Thing	<http://dbpedia.org/ontology/restingPlace>	Вещь	место отдыха	1192	331604
http://www.w3.org/2002/07/owl#Thing	<http://dbpedia.org/ontology/revenue>	Вещь	выручка ($)	6	331604
http://www.w3.org/2002/07/owl#Thing	<http://dbpedia.org/ontology/runtime>	Вещь	среда (ы)	61	331604
http://dbpedia.org/ontology/Agent	<http://dbpedia.org/ontology/abbreviation>	агент	сокращение	639	37390
http://dbpedia.org/ontology/Book	<http://dbpedia.org/ontology/author>	книга	автор	11090	85769
http://www.w3.org/2002/07/owl#Thing	<http://dbpedia.org/ontology/author>	Вещь	автор	11090	331604
http://www.w3.org/2002/07/owl#Thing	<http://dbpedia.org/ontology/capital>	Вещь	капитал	14558	331604
http://dbpedia.org/ontology/Film	<http://dbpedia.org/ontology/cinematography>	фильм	кинематография	9446	19217
http://www.w3.org/2002/07/owl#Thing	<http://dbpedia.org/ontology/citizenship>	Вещь	гражданство	2168	331604
http://www.w3.org/2002/07/owl#Thing	<http://dbpedia.org/ontology/city>	Вещь	город	4667	331604
http://dbpedia.org/ontology/Film	<http://dbpedia.org/ontology/country>	фильм	страна	14616	19217
http://www.w3.org/2002/07/owl#Thing	<http://dbpedia.org/ontology/deathPlace>	Вещь	место смерти	6252	331604
http://www.w3.org/2002/07/owl#Thing	<http://dbpedia.org/ontology/director>	Вещь	директор	17076	331604
http://dbpedia.org/ontology/Work	<http://dbpedia.org/ontology/distributor>	работать	дистрибьютор	11339	114513
http://dbpedia.org/ontology/Galaxy	<http://dbpedia.org/ontology/era>	галактика	эпоха	6664	6668
http://dbpedia.org/ontology/Non-ProfitOrganisation	<http://dbpedia.org/ontology/foundedBy>	некоммерческая организация	основанная	91	412
http://www.w3.org/2002/07/owl#Thing	<http://dbpedia.org/ontology/imdbId>	Вещь	IMDB ID	17863	331604
http://dbpedia.org/ontology/College	<http://dbpedia.org/ontology/location>	колледж	местоположение	85	148
http://www.w3.org/2002/07/owl#Thing	<http://dbpedia.org/ontology/musicComposer>	Вещь	композитор	9994	331604
http://www.w3.org/2002/07/owl#Thing	<http://dbpedia.org/ontology/numberOfPages>	Вещь	Количество страниц	43456	331604
http://dbpedia.org/ontology/College	<http://dbpedia.org/ontology/staff>	колледж	персонал	29	148
http://www.w3.org/2002/07/owl#Thing	<http://dbpedia.org/ontology/title>	Вещь	название	25250	331604
http://dbpedia.org/ontology/Non-ProfitOrganisation	<http://dbpedia.org/ontology/type>	некоммерческая организация	тип	160	412
http://www.w3.org/2002/07/owl#Thing	<http://dbpedia.org/ontology/type>	Вещь	тип	3839	331604
http://www.w3.org/2002/07/owl#Thing	<http://dbpedia.org/ontology/university>	Вещь	университет	38	331604
http://www.w3.org/2002/07/owl#Thing	<http://dbpedia.org/ontology/writer>	Вещь	писатель	12574	331604
http://dbpedia.org/ontology/EducationalInstitution	<http://purl.org/dc/elements/1.1/description>	учебное заведение	описание	8	2770
http://dbpedia.org/ontology/Non-ProfitOrganisation	<http://purl.org/dc/elements/1.1/description>	некоммерческая организация	описание	49	412
http://dbpedia.org/ontology/Galaxy	<http://purl.org/dc/elements/1.1/description>	галактика	описание	102	6668
http://www.w3.org/2002/07/owl#Thing	<http://purl.org/dc/elements/1.1/description>	Вещь	описание	1068	331604
http://www.w3.org/2002/07/owl#Thing	<http://www.w3.org/1999/02/22-rdf-syntax-ns#type>	Вещь	тип	125618	331604
http://www.w3.org/2002/07/owl#Thing	<http://www.w3.org/2003/01/geo/wgs84_pos#lat>	Вещь	широта	125552	331604
http://dbpedia.org/ontology/Infrastructure	<http://www.w3.org/2003/01/geo/wgs84_pos#lat>	инфраструктура	широта	2187	2373
http://dbpedia.org/ontology/WrittenWork	<http://xmlns.com/foaf/0.1/name>	письменные работы	имя	84939	85769
http://dbpedia.org/ontology/Galaxy	<http://xmlns.com/foaf/0.1/name>	галактика	имя	6668	6668
http://dbpedia.org/ontology/River	<http://xmlns.com/foaf/0.1/name>	река	имя	28034	28056
http://dbpedia.org/ontology/Stream	<http://xmlns.com/foaf/0.1/name>	поток	имя	28034	28056
